{"cameraMode":{"drawMode":0,"name":"Shaded","section":"Shading Mode"},"sceneLighting":false,"audioPlay":false,"sceneViewState":{"m_AlwaysRefresh":false,"showFog":true,"showSkybox":false,"showFlares":true,"showImageEffects":true,"showParticleSystems":true,"showVisualEffectGraphs":true,"m_FxEnabled":true},"in2DMode":false,"pivot":{"x":29.695999145507814,"y":1.4800000190734864,"z":32.09600067138672},"rotation":{"x":0.10640477389097214,"y":-0.7854706048965454,"z":0.14070887863636018,"w":0.5934723615646362},"size":0.16583065688610078,"orthographic":false}